first_name,last_name,birthday_month,birthday_day,city,phone,street_address,nickname,email_address,state, zip
Pedro,Gonzalez,5,7,Santo Domingo,8091234567,Mango Rd 1,Pepe,pgonzalez@cs.com,D.N,92701
Jose,López,2,9,Cancun,3125557890,Banana Rd 2,Jose,jlopez@cs.com,Quintana Roa,39018
Oscar,Gutierres,12,24,Buenos Aires,2125550000,Apple Rd 3,Quisco,qgutierrez@cs.com,Buenos Aires,78921
Tom,Flounder,11,3,Amsterdam,398786489,Kiwi Rd 4,T-man,tflounder@cs.com,North Holland, Netherlands,38901 
Roger,Federer,11,3,Florence,684290568,Tennis Rd 1,Rog,rfederer@goat.gov, Florence,10810
